{
  "all_task-0" : {
    "transaction" : "all_task-0",
    "sampleCount" : 200,
    "errorCount" : 0,
    "errorPct" : 0.0,
    "meanResTime" : 24.934999999999985,
    "medianResTime" : 8.0,
    "minResTime" : 5.0,
    "maxResTime" : 878.0,
    "pct1ResTime" : 18.0,
    "pct2ResTime" : 207.59999999999786,
    "pct3ResTime" : 442.95000000000186,
    "throughput" : 0.26772077258860555,
    "receivedKBytesPerSec" : 0.13281460202637851,
    "sentKBytesPerSec" : 0.03320365050659463
  },
  "sbu" : {
    "transaction" : "sbu",
    "sampleCount" : 200,
    "errorCount" : 0,
    "errorPct" : 0.0,
    "meanResTime" : 1338.6700000000003,
    "medianResTime" : 1449.0,
    "minResTime" : 342.0,
    "maxResTime" : 3116.0,
    "pct1ResTime" : 1784.5,
    "pct2ResTime" : 2005.849999999999,
    "pct3ResTime" : 2955.6300000000047,
    "throughput" : 0.2676842236287541,
    "receivedKBytesPerSec" : 1.7370719394658896,
    "sentKBytesPerSec" : 0.10038158386078279
  },
  "all_task-1" : {
    "transaction" : "all_task-1",
    "sampleCount" : 200,
    "errorCount" : 0,
    "errorPct" : 0.0,
    "meanResTime" : 551.005,
    "medianResTime" : 569.5,
    "minResTime" : 173.0,
    "maxResTime" : 1049.0,
    "pct1ResTime" : 784.9,
    "pct2ResTime" : 828.8,
    "pct3ResTime" : 1024.1500000000008,
    "throughput" : 0.26766129604276157,
    "receivedKBytesPerSec" : 0.41064052351872893,
    "sentKBytesPerSec" : 0.034764601927428994
  },
  "sbu-1" : {
    "transaction" : "sbu-1",
    "sampleCount" : 200,
    "errorCount" : 0,
    "errorPct" : 0.0,
    "meanResTime" : 644.9750000000003,
    "medianResTime" : 711.5,
    "minResTime" : 161.0,
    "maxResTime" : 1392.0,
    "pct1ResTime" : 880.3000000000001,
    "pct2ResTime" : 956.2999999999998,
    "pct3ResTime" : 1113.7300000000002,
    "throughput" : 0.26808249970846026,
    "receivedKBytesPerSec" : 0.41128672562694446,
    "sentKBytesPerSec" : 0.03455750972804371
  },
  "all_task-2" : {
    "transaction" : "all_task-2",
    "sampleCount" : 200,
    "errorCount" : 0,
    "errorPct" : 0.0,
    "meanResTime" : 524.8800000000001,
    "medianResTime" : 534.0,
    "minResTime" : 162.0,
    "maxResTime" : 1058.0,
    "pct1ResTime" : 790.5,
    "pct2ResTime" : 870.0499999999997,
    "pct3ResTime" : 1005.8900000000001,
    "throughput" : 0.2676928224861971,
    "receivedKBytesPerSec" : 1.1941609503095199,
    "sentKBytesPerSec" : 0.03293876526685628
  },
  "Dashboard" : {
    "transaction" : "Dashboard",
    "sampleCount" : 200,
    "errorCount" : 0,
    "errorPct" : 0.0,
    "meanResTime" : 1281.4549999999997,
    "medianResTime" : 1349.5,
    "minResTime" : 343.0,
    "maxResTime" : 4056.0,
    "pct1ResTime" : 1914.3000000000002,
    "pct2ResTime" : 2229.3999999999996,
    "pct3ResTime" : 3148.140000000001,
    "throughput" : 0.2684293527497232,
    "receivedKBytesPerSec" : 1.7450529309129952,
    "sentKBytesPerSec" : 0.103806663758682
  },
  "sbu-2" : {
    "transaction" : "sbu-2",
    "sampleCount" : 200,
    "errorCount" : 0,
    "errorPct" : 0.0,
    "meanResTime" : 643.5300000000002,
    "medianResTime" : 684.5,
    "minResTime" : 163.0,
    "maxResTime" : 1664.0,
    "pct1ResTime" : 904.0000000000001,
    "pct2ResTime" : 1033.5999999999995,
    "pct3ResTime" : 1335.4800000000005,
    "throughput" : 0.26793668656096564,
    "receivedKBytesPerSec" : 1.1952488127055576,
    "sentKBytesPerSec" : 0.03296877197918132
  },
  "login-1" : {
    "transaction" : "login-1",
    "sampleCount" : 200,
    "errorCount" : 0,
    "errorPct" : 0.0,
    "meanResTime" : 573.5050000000001,
    "medianResTime" : 580.0,
    "minResTime" : 170.0,
    "maxResTime" : 2543.0,
    "pct1ResTime" : 926.9,
    "pct2ResTime" : 997.0,
    "pct3ResTime" : 1329.95,
    "throughput" : 0.2690066659851831,
    "receivedKBytesPerSec" : 1.200021924043278,
    "sentKBytesPerSec" : 0.03310042960364558
  },
  "login-0" : {
    "transaction" : "login-0",
    "sampleCount" : 200,
    "errorCount" : 0,
    "errorPct" : 0.0,
    "meanResTime" : 4747.134999999999,
    "medianResTime" : 3905.5,
    "minResTime" : 610.0,
    "maxResTime" : 11611.0,
    "pct1ResTime" : 8203.0,
    "pct2ResTime" : 8987.8,
    "pct3ResTime" : 10323.84,
    "throughput" : 0.2681346143017641,
    "receivedKBytesPerSec" : 0.1296158535931379,
    "sentKBytesPerSec" : 0.031422025113487975
  },
  "sbu-0" : {
    "transaction" : "sbu-0",
    "sampleCount" : 200,
    "errorCount" : 0,
    "errorPct" : 0.0,
    "meanResTime" : 49.85999999999995,
    "medianResTime" : 8.0,
    "minResTime" : 5.0,
    "maxResTime" : 1713.0,
    "pct1ResTime" : 27.900000000000006,
    "pct2ResTime" : 285.54999999999967,
    "pct3ResTime" : 1115.650000000004,
    "throughput" : 0.2681691289062186,
    "receivedKBytesPerSec" : 0.13251326096342442,
    "sentKBytesPerSec" : 0.03299737328338236
  },
  "login" : {
    "transaction" : "login",
    "sampleCount" : 200,
    "errorCount" : 0,
    "errorPct" : 0.0,
    "meanResTime" : 5320.7300000000005,
    "medianResTime" : 4570.0,
    "minResTime" : 837.0,
    "maxResTime" : 12221.0,
    "pct1ResTime" : 8854.9,
    "pct2ResTime" : 9614.55,
    "pct3ResTime" : 11168.41,
    "throughput" : 0.26779461759598094,
    "receivedKBytesPerSec" : 1.3240665516488783,
    "sentKBytesPerSec" : 0.06433347258653448
  },
  "all_task" : {
    "transaction" : "all_task",
    "sampleCount" : 200,
    "errorCount" : 0,
    "errorPct" : 0.0,
    "meanResTime" : 1101.1500000000003,
    "medianResTime" : 1131.0,
    "minResTime" : 364.0,
    "maxResTime" : 2336.0,
    "pct1ResTime" : 1571.1000000000001,
    "pct2ResTime" : 1721.8499999999997,
    "pct3ResTime" : 2141.630000000002,
    "throughput" : 0.26758967264417394,
    "receivedKBytesPerSec" : 1.7369810098299066,
    "sentKBytesPerSec" : 0.10086876332094839
  },
  "task_create" : {
    "transaction" : "task_create",
    "sampleCount" : 200,
    "errorCount" : 0,
    "errorPct" : 0.0,
    "meanResTime" : 1258.0799999999988,
    "medianResTime" : 1304.0,
    "minResTime" : 358.0,
    "maxResTime" : 2410.0,
    "pct1ResTime" : 1628.7,
    "pct2ResTime" : 1764.7999999999997,
    "pct3ResTime" : 2251.5600000000004,
    "throughput" : 0.2675961171803397,
    "receivedKBytesPerSec" : 1.7406813833381278,
    "sentKBytesPerSec" : 0.10452973327357021
  },
  "report-2" : {
    "transaction" : "report-2",
    "sampleCount" : 200,
    "errorCount" : 0,
    "errorPct" : 0.0,
    "meanResTime" : 657.6549999999999,
    "medianResTime" : 716.0,
    "minResTime" : 160.0,
    "maxResTime" : 1658.0,
    "pct1ResTime" : 901.7,
    "pct2ResTime" : 978.95,
    "pct3ResTime" : 1386.9900000000018,
    "throughput" : 0.268052677712224,
    "receivedKBytesPerSec" : 1.1957662419818744,
    "sentKBytesPerSec" : 0.032983044327871316
  },
  "Dashboard-0" : {
    "transaction" : "Dashboard-0",
    "sampleCount" : 200,
    "errorCount" : 0,
    "errorPct" : 0.0,
    "meanResTime" : 61.269999999999946,
    "medianResTime" : 8.0,
    "minResTime" : 5.0,
    "maxResTime" : 2179.0,
    "pct1ResTime" : 16.900000000000006,
    "pct2ResTime" : 460.89999999999975,
    "pct3ResTime" : 1055.6600000000003,
    "throughput" : 0.2690743438958467,
    "receivedKBytesPerSec" : 0.1361137794316881,
    "sentKBytesPerSec" : 0.03468536464282399
  },
  "report-1" : {
    "transaction" : "report-1",
    "sampleCount" : 200,
    "errorCount" : 0,
    "errorPct" : 0.0,
    "meanResTime" : 634.8750000000006,
    "medianResTime" : 707.5,
    "minResTime" : 165.0,
    "maxResTime" : 1803.0,
    "pct1ResTime" : 876.7,
    "pct2ResTime" : 966.4999999999999,
    "pct3ResTime" : 1329.4600000000023,
    "throughput" : 0.2682565337231995,
    "receivedKBytesPerSec" : 0.41155372507729143,
    "sentKBytesPerSec" : 0.03536585161389837
  },
  "Total" : {
    "transaction" : "Total",
    "sampleCount" : 4600,
    "errorCount" : 0,
    "errorPct" : 0.0,
    "meanResTime" : 1014.335000000003,
    "medianResTime" : 668.0,
    "minResTime" : 5.0,
    "maxResTime" : 12221.0,
    "pct1ResTime" : 1749.800000000001,