{
  "Create Task-0" : {
    "transaction" : "Create Task-0",
    "sampleCount" : 427,
    "errorCount" : 0,
    "errorPct" : 0.0,
    "meanResTime" : 8215.37704918033,
    "medianResTime" : 8594.0,
    "minResTime" : 2873.0,
    "maxResTime" : 12732.0,
    "pct1ResTime" : 11565.8,
    "pct2ResTime" : 11984.0,
    "pct3ResTime" : 12534.359999999997,
    "throughput" : 32.98570876786404,
    "receivedKBytesPerSec" : 16.84719305233681,
    "sentKBytesPerSec" : 4.316489233294709
  },
  "Create Task-1" : {
    "transaction" : "Create Task-1",
    "sampleCount" : 427,
    "errorCount" : 0,
    "errorPct" : 0.0,
    "meanResTime" : 870.3302107728337,
    "medianResTime" : 680.0,
    "minResTime" : 218.0,
    "maxResTime" : 1974.0,
    "pct1ResTime" : 1539.8,
    "pct2ResTime" : 1599.0,
    "pct3ResTime" : 1769.1199999999985,
    "throughput" : 40.73261470952971,
    "receivedKBytesPerSec" : 62.491150106124195,
    "sentKBytesPerSec" : 5.568912167318516
  },
  "Create Task-2" : {
    "transaction" : "Create Task-2",
    "sampleCount" : 427,
    "errorCount" : 0,
    "errorPct" : 0.0,
    "meanResTime" : 849.896955503513,
    "medianResTime" : 682.0,
    "minResTime" : 233.0,
    "maxResTime" : 2238.0,
    "pct1ResTime" : 1454.4,
    "pct2ResTime" : 1551.7999999999995,
    "pct3ResTime" : 1648.6399999999996,
    "throughput" : 39.713541666666664,
    "receivedKBytesPerSec" : 177.15962727864581,
    "sentKBytesPerSec" : 4.886627197265625
  },
  "Total" : {
    "transaction" : "Total",
    "sampleCount" : 1781,
    "errorCount" : 73,
    "errorPct" : 4.0988207,
    "meanResTime" : 5039.747332959013,
    "medianResTime" : 3862.0,
    "minResTime" : 218.0,
    "maxResTime" : 14682.0,
    "pct1ResTime" : 11975.8,
    "pct2ResTime" : 13603.5,
    "pct3ResTime" : 14285.140000000001,
    "throughput" : 120.69666576307942,
    "receivedKBytesPerSec" : 391.69984084863785,
    "sentKBytesPerSec" : 22.607329222011384
  },
  "Create Task" : {
    "transaction" : "Create Task",
    "sampleCount" : 500,
    "errorCount" : 73,
    "errorPct" : 14.6,
    "meanResTime" : 9466.573999999993,
    "medianResTime" : 8854.0,
    "minResTime" : 3412.0,
    "maxResTime" : 14682.0,
    "pct1ResTime" : 13896.9,
    "pct2ResTime" : 14191.05,
    "pct3ResTime" : 14510.93,
    "throughput" : 33.884521550555704,
    "receivedKBytesPerSec" : 203.43730675233803,
    "sentKBytesPerSec" : 11.303664611005692
  }
}