{
  "all_task-0" : {
    "transaction" : "all_task-0",
    "sampleCount" : 300,
    "errorCount" : 0,
    "errorPct" : 0.0,
    "meanResTime" : 19.613333333333316,
    "medianResTime" : 8.0,
    "minResTime" : 5.0,
    "maxResTime" : 878.0,
    "pct1ResTime" : 16.0,
    "pct2ResTime" : 23.0,
    "pct3ResTime" : 239.96000000000004,
    "throughput" : 0.3201178033516334,
    "receivedKBytesPerSec" : 0.15880844150647438,
    "sentKBytesPerSec" : 0.039702110376618596
  },
  "sbu" : {
    "transaction" : "sbu",
    "sampleCount" : 300,
    "errorCount" : 0,
    "errorPct" : 0.0,
    "meanResTime" : 1281.3599999999997,
    "medianResTime" : 1422.5,
    "minResTime" : 342.0,
    "maxResTime" : 3116.0,
    "pct1ResTime" : 1714.9,
    "pct2ResTime" : 1835.2999999999997,
    "pct3ResTime" : 2422.870000000001,
    "throughput" : 0.3200570128225508,
    "receivedKBytesPerSec" : 2.0769324709041506,
    "sentKBytesPerSec" : 0.12002137980845655
  },
  "all_task-1" : {
    "transaction" : "all_task-1",
    "sampleCount" : 300,
    "errorCount" : 0,
    "errorPct" : 0.0,
    "meanResTime" : 540.1666666666665,
    "medianResTime" : 547.0,
    "minResTime" : 173.0,
    "maxResTime" : 1049.0,
    "pct1ResTime" : 779.9000000000003,
    "pct2ResTime" : 824.9,
    "pct3ResTime" : 939.94,
    "throughput" : 0.32003481978839293,
    "receivedKBytesPerSec" : 0.49099091981207554,
    "sentKBytesPerSec" : 0.041567022492047134
  },
  "sbu-1" : {
    "transaction" : "sbu-1",
    "sampleCount" : 300,
    "errorCount" : 0,
    "errorPct" : 0.0,
    "meanResTime" : 621.6066666666665,
    "medianResTime" : 702.5,
    "minResTime" : 161.0,
    "maxResTime" : 1392.0,
    "pct1ResTime" : 847.9000000000001,
    "pct2ResTime" : 910.75,
    "pct3ResTime" : 1086.6700000000003,
    "throughput" : 0.32045187987754464,
    "receivedKBytesPerSec" : 0.491630764929319,
    "sentKBytesPerSec" : 0.04130825014046474
  },
  "all_task-2" : {
    "transaction" : "all_task-2",
    "sampleCount" : 300,
    "errorCount" : 0,
    "errorPct" : 0.0,
    "meanResTime" : 509.45666666666637,
    "medianResTime" : 508.0,
    "minResTime" : 162.0,
    "maxResTime" : 1058.0,
    "pct1ResTime" : 794.6000000000001,
    "pct2ResTime" : 851.8499999999999,
    "pct3ResTime" : 999.95,
    "throughput" : 0.3200556470084932,
    "receivedKBytesPerSec" : 1.4277482378269502,
    "sentKBytesPerSec" : 0.03938184719049819
  },
  "Dashboard" : {
    "transaction" : "Dashboard",
    "sampleCount" : 300,
    "errorCount" : 0,
    "errorPct" : 0.0,
    "meanResTime" : 1209.2833333333335,
    "medianResTime" : 1260.5,
    "minResTime" : 343.0,
    "maxResTime" : 4056.0,
    "pct1ResTime" : 1833.9000000000003,
    "pct2ResTime" : 2008.75,
    "pct3ResTime" : 3061.7700000000013,
    "throughput" : 0.320680355442106,
    "receivedKBytesPerSec" : 2.0847354747833005,
    "sentKBytesPerSec" : 0.12401310620612692
  },
  "sbu-2" : {
    "transaction" : "sbu-2",
    "sampleCount" : 300,
    "errorCount" : 0,
    "errorPct" : 0.0,
    "meanResTime" : 623.0599999999993,
    "medianResTime" : 679.5,
    "minResTime" : 163.0,
    "maxResTime" : 1664.0,
    "pct1ResTime" : 859.0,
    "pct2ResTime" : 945.95,
    "pct3ResTime" : 1282.820000000001,
    "throughput" : 0.3202975778029508,
    "receivedKBytesPerSec" : 1.4288274759803508,
    "sentKBytesPerSec" : 0.03941161601872246
  },
  "login-1" : {
    "transaction" : "login-1",
    "sampleCount" : 300,
    "errorCount" : 0,
    "errorPct" : 0.0,
    "meanResTime" : 556.3066666666666,
    "medianResTime" : 541.0,
    "minResTime" : 170.0,
    "maxResTime" : 2543.0,
    "pct1ResTime" : 908.9000000000001,
    "pct2ResTime" : 975.4499999999998,
    "pct3ResTime" : 1324.4600000000005,
    "throughput" : 0.3212469521695413,
    "receivedKBytesPerSec" : 1.4330625756938131,
    "sentKBytesPerSec" : 0.039528433567736526
  },
  "login-0" : {
    "transaction" : "login-0",
    "sampleCount" : 300,
    "errorCount" : 0,
    "errorPct" : 0.0,
    "meanResTime" : 3968.123333333334,
    "medianResTime" : 3415.0,
    "minResTime" : 24.0,
    "maxResTime" : 11611.0,
    "pct1ResTime" : 7704.900000000003,
    "pct2ResTime" : 8614.699999999997,
    "pct3ResTime" : 10204.280000000004,
    "throughput" : 0.32039404195239585,
    "receivedKBytesPerSec" : 0.1548779792640976,
    "sentKBytesPerSec" : 0.03754617679129639
  },
  "sbu-0" : {
    "transaction" : "sbu-0",
    "sampleCount" : 300,
    "errorCount" : 0,
    "errorPct" : 0.0,
    "meanResTime" : 36.40666666666665,
    "medianResTime" : 8.0,
    "minResTime" : 5.0,
    "maxResTime" : 1713.0,
    "pct1ResTime" : 21.0,
    "pct2ResTime" : 224.84999999999997,
    "pct3ResTime" : 683.940000000001,
    "throughput" : 0.32049193375218066,
    "receivedKBytesPerSec" : 0.15836808445176115,
    "sentKBytesPerSec" : 0.039435530910912855
  },
  "login" : {
    "transaction" : "login",
    "sampleCount" : 300,
    "errorCount" : 0,
    "errorPct" : 0.0,
    "meanResTime" : 4524.536666666669,
    "medianResTime" : 4119.0,
    "minResTime" : 232.0,
    "maxResTime" : 12221.0,
    "pct1ResTime" : 8563.5,
    "pct2ResTime" : 9221.15,
    "pct3ResTime" : 11103.850000000006,
    "throughput" : 0.320093552675662,
    "receivedKBytesPerSec" : 1.582650055856325,
    "sentKBytesPerSec" : 0.07689747456856724
  },
  "all_task" : {
    "transaction" : "all_task",
    "sampleCount" : 300,
    "errorCount" : 0,
    "errorPct" : 0.0,
    "meanResTime" : 1069.5300000000007,
    "medianResTime" : 1078.5,
    "minResTime" : 364.0,
    "maxResTime" : 2336.0,
    "pct1ResTime" : 1561.3000000000006,
    "pct2ResTime" : 1664.9999999999998,
    "pct3ResTime" : 1906.7200000000003,
    "throughput" : 0.3199573390214638,
    "receivedKBytesPerSec" : 2.0769105785895214,
    "sentKBytesPerSec" : 0.12060891881082522
  },
  "task_create" : {
    "transaction" : "task_create",
    "sampleCount" : 300,
    "errorCount" : 0,
    "errorPct" : 0.0,
    "meanResTime" : 1217.2566666666653,
    "medianResTime" : 1288.5,
    "minResTime" : 358.0,
    "maxResTime" : 2410.0,
    "pct1ResTime" : 1600.9,
    "pct2ResTime" : 1729.8,
    "pct3ResTime" : 2204.6900000000032,
    "throughput" : 0.3200003413336974,
    "receivedKBytesPerSec" : 2.0815647203357015,
    "sentKBytesPerSec" : 0.12500013333347557
  },
  "report-2" : {
    "transaction" : "report-2",
    "sampleCount" : 300,
    "errorCount" : 0,
    "errorPct" : 0.0,
    "meanResTime" : 631.5133333333332,
    "medianResTime" : 706.0,
    "minResTime" : 160.0,
    "maxResTime" : 1658.0,
    "pct1ResTime" : 886.8000000000001,
    "pct2ResTime" : 972.75,
    "pct3ResTime" : 1200.8700000000001,
    "throughput" : 0.3203783026998279,
    "receivedKBytesPerSec" : 1.4291875847000137,
    "sentKBytesPerSec" : 0.03942154896501789
  },
  "Dashboard-0" : {
    "transaction" : "Dashboard-0",
    "sampleCount" : 300,
    "errorCount" : 0,
    "errorPct" : 0.0,
    "meanResTime" : 43.85999999999999,
    "medianResTime" : 8.0,
    "minResTime" : 5.0,
    "maxResTime" : 2179.0,
    "pct1ResTime" : 14.0,
    "pct2ResTime" : 234.99999999999977,
    "pct3ResTime" : 1021.4500000000005,
    "throughput" : 0.3213102604005454,
    "receivedKBytesPerSec" : 0.16253780750730712,
    "sentKBytesPerSec" : 0.0414189007547578
  },
  "report-1" : {
    "transaction" : "report-1",
    "sampleCount" : 300,
    "errorCount" : 0,
    "errorPct" : 0.0,
    "meanResTime" : 612.8466666666667,
    "medianResTime" : 704.5,
    "minResTime" : 165.0,
    "maxResTime" : 1803.0,
    "pct1ResTime" : 868.7,
    "pct2ResTime" : 945.1499999999999,
    "pct3ResTime" : 1077.91,
    "throughput" : 0.32051555996205094,
    "receivedKBytesPerSec" : 0.4917284616214669,
    "sentKBytesPerSec" : 0.04225546933093446
  },
  "Total" : {
    "transaction" : "Total",
    "sampleCount" : 6900,
    "errorCount" : 0,
    "errorPct" : 0.0,
    "meanResTime" : 921.5669565217405,
    "medianResTime" : 642.0,
    "minResTime" : 5.0,
    "maxResTime" : 12221.0,
    "pct1ResTime" : 1693.800000000001,