{
  "Create Task-0" : {
    "transaction" : "Create Task-0",
    "sampleCount" : 450,
    "errorCount" : 0,
    "errorPct" : 0.0,
    "meanResTime" : 8136.464444444444,
    "medianResTime" : 7977.5,
    "minResTime" : 2475.0,
    "maxResTime" : 13014.0,
    "pct1ResTime" : 12426.9,
    "pct2ResTime" : 12699.6,
    "pct3ResTime" : 12982.7,
    "throughput" : 32.51445086705202,
    "receivedKBytesPerSec" : 16.60650176119942,
    "sentKBytesPerSec" : 4.2548207189306355
  },
  "Create Task-1" : {
    "transaction" : "Create Task-1",
    "sampleCount" : 450,
    "errorCount" : 0,
    "errorPct" : 0.0,
    "meanResTime" : 888.491111111111,
    "medianResTime" : 897.0,
    "minResTime" : 194.0,
    "maxResTime" : 2768.0,
    "pct1ResTime" : 1314.7,
    "pct2ResTime" : 1425.1499999999999,
    "pct3ResTime" : 1621.6900000000007,
    "throughput" : 36.64196726650924,
    "receivedKBytesPerSec" : 56.21536189031838,
    "sentKBytesPerSec" : 5.00964396221806
  },
  "Create Task-2" : {
    "transaction" : "Create Task-2",
    "sampleCount" : 450,
    "errorCount" : 0,
    "errorPct" : 0.0,
    "meanResTime" : 856.668888888889,
    "medianResTime" : 865.0,
    "minResTime" : 193.0,
    "maxResTime" : 1729.0,
    "pct1ResTime" : 1276.9000000000008,
    "pct2ResTime" : 1422.6499999999999,
    "pct3ResTime" : 1597.45,
    "throughput" : 36.25523686754754,
    "receivedKBytesPerSec" : 161.7323457138253,
    "sentKBytesPerSec" : 4.461093598936513
  },
  "Total" : {
    "transaction" : "Total",
    "sampleCount" : 1800,
    "errorCount" : 0,
    "errorPct" : 0.0,
    "meanResTime" : 4940.878888888889,
    "medianResTime" : 2478.5,
    "minResTime" : 193.0,
    "maxResTime" : 15244.0,
    "pct1ResTime" : 12433.5,
    "pct2ResTime" : 13739.55,
    "pct3ResTime" : 14624.98,
    "throughput" : 116.89070718877849,
    "receivedKBytesPerSec" : 380.23725160724723,
    "sentKBytesPerSec" : 22.830216247808302
  },
  "Create Task" : {
    "transaction" : "Create Task",
    "sampleCount" : 450,
    "errorCount" : 0,
    "errorPct" : 0.0,
    "meanResTime" : 9881.891111111105,
    "medianResTime" : 9925.5,
    "minResTime" : 2933.0,
    "maxResTime" : 15244.0,
    "pct1ResTime" : 14512.400000000001,
    "pct2ResTime" : 14605.15,
    "pct3ResTime" : 14894.43,
    "throughput" : 29.222676797194623,
    "receivedKBytesPerSec" : 190.11862580362362,
    "sentKBytesPerSec" : 11.415108123904151
  }
}