{
  "all_task-0" : {
    "transaction" : "all_task-0",
    "sampleCount" : 100,
    "errorCount" : 0,
    "errorPct" : 0.0,
    "meanResTime" : 41.94,
    "medianResTime" : 10.0,
    "minResTime" : 6.0,
    "maxResTime" : 878.0,
    "pct1ResTime" : 198.20000000000107,
    "pct2ResTime" : 234.95,
    "pct3ResTime" : 873.6699999999978,
    "throughput" : 7.4632435256362415,
    "receivedKBytesPerSec" : 3.7024684677961046,
    "sentKBytesPerSec" : 0.9256171169490262
  },
  "sbu" : {
    "transaction" : "sbu",
    "sampleCount" : 100,
    "errorCount" : 0,
    "errorPct" : 0.0,
    "meanResTime" : 1373.39,
    "medianResTime" : 1475.5,
    "minResTime" : 342.0,
    "maxResTime" : 3116.0,
    "pct1ResTime" : 2001.7000000000005,
    "pct2ResTime" : 2205.2499999999986,
    "pct3ResTime" : 3114.4499999999994,
    "throughput" : 7.280669821623589,
    "receivedKBytesPerSec" : 47.24614352020386,
    "sentKBytesPerSec" : 2.7302511831088463
  },
  "all_task-1" : {
    "transaction" : "all_task-1",
    "sampleCount" : 100,
    "errorCount" : 0,
    "errorPct" : 0.0,
    "meanResTime" : 536.4899999999998,
    "medianResTime" : 552.0,
    "minResTime" : 173.0,
    "maxResTime" : 1049.0,
    "pct1ResTime" : 803.5000000000001,
    "pct2ResTime" : 892.5499999999995,
    "pct3ResTime" : 1048.7599999999998,
    "throughput" : 7.37517516041006,
    "receivedKBytesPerSec" : 11.314843922855669,
    "sentKBytesPerSec" : 0.9579084925141973
  },
  "sbu-1" : {
    "transaction" : "sbu-1",
    "sampleCount" : 100,
    "errorCount" : 0,
    "errorPct" : 0.0,
    "meanResTime" : 638.9800000000001,
    "medianResTime" : 699.5,
    "minResTime" : 161.0,
    "maxResTime" : 1392.0,
    "pct1ResTime" : 942.5,
    "pct2ResTime" : 1025.0,
    "pct3ResTime" : 1389.2199999999984,
    "throughput" : 8.061265618702135,
    "receivedKBytesPerSec" : 12.367429967754939,
    "sentKBytesPerSec" : 1.0391475211608223
  },
  "all_task-2" : {
    "transaction" : "all_task-2",
    "sampleCount" : 100,
    "errorCount" : 0,
    "errorPct" : 0.0,
    "meanResTime" : 532.9099999999999,
    "medianResTime" : 524.0,
    "minResTime" : 171.0,
    "maxResTime" : 1058.0,
    "pct1ResTime" : 848.7,
    "pct2ResTime" : 886.9,
    "pct3ResTime" : 1057.4799999999998,
    "throughput" : 7.39316871211001,
    "receivedKBytesPerSec" : 32.98046355167825,
    "sentKBytesPerSec" : 0.9097063063729114
  },
  "Dashboard" : {
    "transaction" : "Dashboard",
    "sampleCount" : 100,
    "errorCount" : 0,
    "errorPct" : 0.0,
    "meanResTime" : 1305.9699999999998,
    "medianResTime" : 1350.5,
    "minResTime" : 343.0,
    "maxResTime" : 4056.0,
    "pct1ResTime" : 2228.8,
    "pct2ResTime" : 2593.3499999999976,
    "pct3ResTime" : 4046.9299999999953,
    "throughput" : 8.631851532153647,
    "receivedKBytesPerSec" : 56.11546450151057,
    "sentKBytesPerSec" : 3.338098834700043
  },
  "sbu-2" : {
    "transaction" : "sbu-2",
    "sampleCount" : 100,
    "errorCount" : 0,
    "errorPct" : 0.0,
    "meanResTime" : 641.9599999999999,
    "medianResTime" : 682.5,
    "minResTime" : 163.0,
    "maxResTime" : 1664.0,
    "pct1ResTime" : 983.7000000000003,
    "pct2ResTime" : 1144.2499999999998,
    "pct3ResTime" : 1660.7199999999984,
    "throughput" : 7.674008134448623,
    "receivedKBytesPerSec" : 34.233270662266904,
    "sentKBytesPerSec" : 0.9442627196684829
  },
  "login-1" : {
    "transaction" : "login-1",
    "sampleCount" : 100,
    "errorCount" : 0,
    "errorPct" : 0.0,
    "meanResTime" : 576.5000000000001,
    "medianResTime" : 582.0,
    "minResTime" : 170.0,
    "maxResTime" : 2543.0,
    "pct1ResTime" : 997.0,
    "pct2ResTime" : 1247.449999999999,
    "pct3ResTime" : 2530.8699999999935,
    "throughput" : 10.903936321011885,
    "receivedKBytesPerSec" : 48.64177843201396,
    "sentKBytesPerSec" : 1.3416952894995093
  },
  "login-0" : {
    "transaction" : "login-0",
    "sampleCount" : 100,
    "errorCount" : 0,
    "errorPct" : 0.0,
    "meanResTime" : 6626.450000000001,
    "medianResTime" : 7062.0,
    "minResTime" : 686.0,
    "maxResTime" : 11611.0,
    "pct1ResTime" : 8980.6,
    "pct2ResTime" : 9495.199999999999,
    "pct3ResTime" : 11598.139999999994,
    "throughput" : 8.557247989046722,
    "receivedKBytesPerSec" : 4.136560307205203,
    "sentKBytesPerSec" : 1.0028024987164128
  },
  "sbu-0" : {
    "transaction" : "sbu-0",
    "sampleCount" : 100,
    "errorCount" : 0,
    "errorPct" : 0.0,
    "meanResTime" : 92.01999999999995,
    "medianResTime" : 11.0,
    "minResTime" : 6.0,
    "maxResTime" : 1713.0,
    "pct1ResTime" : 284.10000000000014,
    "pct2ResTime" : 544.4999999999997,
    "pct3ResTime" : 1707.069999999997,
    "throughput" : 8.108984755108661,
    "receivedKBytesPerSec" : 4.006978795004865,
    "sentKBytesPerSec" : 0.9977852335387609
  },
  "login" : {
    "transaction" : "login",
    "sampleCount" : 100,
    "errorCount" : 0,
    "errorPct" : 0.0,
    "meanResTime" : 7202.78,
    "medianResTime" : 7708.5,
    "minResTime" : 903.0,
    "maxResTime" : 12221.0,
    "pct1ResTime" : 9613.1,
    "pct2ResTime" : 10407.0,
    "pct3ResTime" : 12210.479999999994,
    "throughput" : 7.977026164645819,
    "receivedKBytesPerSec" : 39.441097140236124,
    "sentKBytesPerSec" : 1.9163558950223358
  },
  "all_task" : {
    "transaction" : "all_task",
    "sampleCount" : 100,
    "errorCount" : 0,
    "errorPct" : 0.0,
    "meanResTime" : 1111.7600000000002,
    "medianResTime" : 1132.0,
    "minResTime" : 386.0,
    "maxResTime" : 2336.0,
    "pct1ResTime" : 1694.6000000000004,
    "pct2ResTime" : 1835.0,
    "pct3ResTime" : 2334.079999999999,
    "throughput" : 7.239032865209208,
    "receivedKBytesPerSec" : 46.99008931156798,
    "sentKBytesPerSec" : 2.7287760605183147
  },
  "task_create" : {
    "transaction" : "task_create",
    "sampleCount" : 100,
    "errorCount" : 0,
    "errorPct" : 0.0,
    "meanResTime" : 1258.6899999999996,
    "medianResTime" : 1296.0,
    "minResTime" : 358.0,
    "maxResTime" : 2410.0,
    "pct1ResTime" : 1741.1000000000001,
    "pct2ResTime" : 1846.9499999999998,
    "pct3ResTime" : 2408.419999999999,
    "throughput" : 7.274314395868189,
    "receivedKBytesPerSec" : 47.318562686404306,
    "sentKBytesPerSec" : 2.8415290608860113
  },
  "report-2" : {
    "transaction" : "report-2",
    "sampleCount" : 100,
    "errorCount" : 0,
    "errorPct" : 0.0,
    "meanResTime" : 655.1800000000001,
    "medianResTime" : 715.5,
    "minResTime" : 160.0,
    "maxResTime" : 1658.0,
    "pct1ResTime" : 978.4000000000001,
    "pct2ResTime" : 1093.6999999999994,
    "pct3ResTime" : 1655.3099999999986,
    "throughput" : 8.080808080808081,
    "receivedKBytesPerSec" : 36.0479797979798,
    "sentKBytesPerSec" : 0.9943181818181818
  },
  "Dashboard-0" : {
    "transaction" : "Dashboard-0",
    "sampleCount" : 100,
    "errorCount" : 0,
    "errorPct" : 0.0,
    "meanResTime" : 114.25999999999996,
    "medianResTime" : 9.0,
    "minResTime" : 5.0,
    "maxResTime" : 2179.0,
    "pct1ResTime" : 459.8000000000001,
    "pct2ResTime" : 934.4999999999965,
    "pct3ResTime" : 2167.769999999994,
    "throughput" : 10.300782859497321,
    "receivedKBytesPerSec" : 5.210747579316028,
    "sentKBytesPerSec" : 1.3278352904820767
  },
  "report-1" : {
    "transaction" : "report-1",
    "sampleCount" : 100,
    "errorCount" : 0,
    "errorPct" : 0.0,
    "meanResTime" : 627.3199999999999,
    "medianResTime" : 712.0,
    "minResTime" : 165.0,
    "maxResTime" : 1803.0,
    "pct1ResTime" : 956.3000000000001,
    "pct2ResTime" : 1063.75,
    "pct3ResTime" : 1798.2899999999977,
    "throughput" : 8.408307407718826,
    "receivedKBytesPerSec" : 12.899854431178003,
    "sentKBytesPerSec" : 1.108517089884806
  },
  "Total" : {
    "transaction" : "Total",
    "sampleCount" : 2300,
    "errorCount" : 0,
    "errorPct" : 0.0,
    "meanResTime" : 1188.8460869565215,
    "medianResTime" : 649.5,
    "minResTime" : 5.0,
    "maxResTime" : 12221.0,
    "pct1ResTime" : 2086.2000000000007,