{
  "Create Task-0" : {
    "transaction" : "Create Task-0",
    "sampleCount" : 400,
    "errorCount" : 0,
    "errorPct" : 0.0,
    "meanResTime" : 5766.220000000001,
    "medianResTime" : 5874.0,
    "minResTime" : 128.0,
    "maxResTime" : 9429.0,
    "pct1ResTime" : 8823.2,
    "pct2ResTime" : 9114.699999999999,
    "pct3ResTime" : 9395.78,
    "throughput" : 38.16065636328945,
    "receivedKBytesPerSec" : 19.49025710742225,
    "sentKBytesPerSec" : 4.99367964128983
  },
  "Create Task-1" : {
    "transaction" : "Create Task-1",
    "sampleCount" : 400,
    "errorCount" : 0,
    "errorPct" : 0.0,
    "meanResTime" : 858.5924999999997,
    "medianResTime" : 805.0,
    "minResTime" : 163.0,
    "maxResTime" : 1972.0,
    "pct1ResTime" : 1605.8000000000002,
    "pct2ResTime" : 1716.95,
    "pct3ResTime" : 1946.8500000000001,
    "throughput" : 34.29061294470639,
    "receivedKBytesPerSec" : 52.607961851693105,
    "sentKBytesPerSec" : 4.688169738534077
  },
  "Create Task-2" : {
    "transaction" : "Create Task-2",
    "sampleCount" : 400,
    "errorCount" : 0,
    "errorPct" : 0.0,
    "meanResTime" : 854.6424999999997,
    "medianResTime" : 880.0,
    "minResTime" : 162.0,
    "maxResTime" : 2083.0,
    "pct1ResTime" : 1584.9,
    "pct2ResTime" : 1683.9,
    "pct3ResTime" : 1911.5600000000004,
    "throughput" : 33.39176892895901,
    "receivedKBytesPerSec" : 148.9585942065281,
    "sentKBytesPerSec" : 4.108752817430504
  },
  "Total" : {
    "transaction" : "Total",
    "sampleCount" : 1600,
    "errorCount" : 0,
    "errorPct" : 0.0,
    "meanResTime" : 3739.767499999999,
    "medianResTime" : 1694.5,
    "minResTime" : 128.0,
    "maxResTime" : 11778.0,
    "pct1ResTime" : 9358.8,
    "pct2ResTime" : 11303.699999999999,
    "pct3ResTime" : 11619.69,
    "throughput" : 128.67942737654818,
    "receivedKBytesPerSec" : 418.5851294836738,
    "sentKBytesPerSec" : 25.132700659482065
  },
  "Create Task" : {
    "transaction" : "Create Task",
    "sampleCount" : 400,
    "errorCount" : 0,
    "errorPct" : 0.0,
    "meanResTime" : 7479.615000000002,
    "medianResTime" : 7848.0,
    "minResTime" : 568.0,
    "maxResTime" : 11778.0,
    "pct1ResTime" : 11495.6,
    "pct2ResTime" : 11576.9,
    "pct3ResTime" : 11748.82,
    "throughput" : 32.169856844137044,
    "receivedKBytesPerSec" : 209.2925647418369,
    "sentKBytesPerSec" : 12.566350329741033
  }
}